Workbook

Sheet RFR
B1: BaseLine | C1: YCU | D1: YCD | E1: =B1&" w. VA" -> BaseLine w. VA | F1: =C1&" w. VA" -> YCU w. VA | G1: =D1&" w. VA" -> YCD w. VA | H1: =B1&"-up" -> BaseLine-up | I1: =C1&"-up" -> YCU-up | J1: =D1&"-up" -> YCD-up | K1: =E1&"-up" -> BaseLine w. VA-up | L1: =F1&"-up" -> YCU w. VA-up | M1: =G1&"-up" -> YCD w. VA-up | N1: =B1&"-down" -> BaseLine-down | O1: =C1&"-down" -> YCU-down | P1: =D1&"-down" -> YCD-down | Q1: =E1&"-down" -> BaseLine w. VA-down | R1: =F1&"-down" -> YCU w. VA-down | S1: =G1&"-down" -> YCD w. VA-down
A2: 1 | B2: -0.00358 | C2: 0.0013 | D2: -0.00469 | E2: -0.00318 | F2: 0.0062 | G2: -0.00259 | H2: =B2+MAX(Interpolation!$I3*B2,1%) -> 0.00642 | I2: =C2+MAX(Interpolation!$I3*C2,1%) -> 0.0113 | J2: =D2+MAX(Interpolation!$I3*D2,1%) -> 0.00531 | K2: =E2+MAX(Interpolation!$I3*E2,1%) -> 0.00682 | L2: =F2+MAX(Interpolation!$I3*F2,1%) -> 0.0162 | M2: =G2+MAX(Interpolation!$I3*G2,1%) -> 0.00741 | N2: =B2-MAX(Interpolation!$J3*B2,0%) -> -0.00358 | O2: =C2-MAX(Interpolation!$J3*C2,0%) -> 0.000325 | P2: =D2-MAX(Interpolation!$J3*D2,0%) -> -0.00469 | Q2: =E2-MAX(Interpolation!$J3*E2,0%) -> -0.00318 | R2: =F2-MAX(Interpolation!$J3*F2,0%) -> 0.00155 | S2: =G2-MAX(Interpolation!$J3*G2,0%) -> -0.00259
A3: 2 | B3: -0.0025 | C3: 0.0062 | D3: -0.00524 | E3: -0.0021 | F3: 0.0111 | G3: -0.00314 | H3: =B3+MAX(Interpolation!$I4*B3,1%) -> 0.0075 | I3: =C3+MAX(Interpolation!$I4*C3,1%) -> 0.0162 | J3: =D3+MAX(Interpolation!$I4*D3,1%) -> 0.00476 | K3: =E3+MAX(Interpolation!$I4*E3,1%) -> 0.0079 | L3: =F3+MAX(Interpolation!$I4*F3,1%) -> 0.0211 | M3: =G3+MAX(Interpolation!$I4*G3,1%) -> 0.00686 | N3: =B3-MAX(Interpolation!$J4*B3,0%) -> -0.0025 | O3: =C3-MAX(Interpolation!$J4*C3,0%) -> 0.00217 | P3: =D3-MAX(Interpolation!$J4*D3,0%) -> -0.00524 | Q3: =E3-MAX(Interpolation!$J4*E3,0%) -> -0.0021 | R3: =F3-MAX(Interpolation!$J4*F3,0%) -> 0.003885 | S3: =G3-MAX(Interpolation!$J4*G3,0%) -> -0.00314
A4: 3 | B4: -0.00088 | C4: 0.00894 | D4: -0.00488 | E4: -0.00048 | F4: 0.01384 | G4: -0.00278 | H4: =B4+MAX(Interpolation!$I5*B4,1%) -> 0.00912 | I4: =C4+MAX(Interpolation!$I5*C4,1%) -> 0.01894 | J4: =D4+MAX(Interpolation!$I5*D4,1%) -> 0.00512 | K4: =E4+MAX(Interpolation!$I5*E4,1%) -> 0.00952 | L4: =F4+MAX(Interpolation!$I5*F4,1%) -> 0.02384 | M4: =G4+MAX(Interpolation!$I5*G4,1%) -> 0.00722 | N4: =B4-MAX(Interpolation!$J5*B4,0%) -> -0.00088 | O4: =C4-MAX(Interpolation!$J5*C4,0%) -> 0.0039336 | P4: =D4-MAX(Interpolation!$J5*D4,0%) -> -0.00488 | Q4: =E4-MAX(Interpolation!$J5*E4,0%) -> -0.00048 | R4: =F4-MAX(Interpolation!$J5*F4,0%) -> 0.0060896 | S4: =G4-MAX(Interpolation!$J5*G4,0%) -> -0.00278
A5: 4 | B5: 0.00069 | C5: 0.01067 | D5: -0.00419 | E5: 0.00109 | F5: 0.01557 | G5: -0.00209 | H5: =B5+MAX(Interpolation!$I6*B5,1%) -> 0.01069 | I5: =C5+MAX(Interpolation!$I6*C5,1%) -> 0.02067 | J5: =D5+MAX(Interpolation!$I6*D5,1%) -> 0.00581 | K5: =E5+MAX(Interpolation!$I6*E5,1%) -> 0.01109 | L5: =F5+MAX(Interpolation!$I6*F5,1%) -> 0.02557 | M5: =G5+MAX(Interpolation!$I6*G5,1%) -> 0.00791 | N5: =B5-MAX(Interpolation!$J6*B5,0%) -> 0.000345 | O5: =C5-MAX(Interpolation!$J6*C5,0%) -> 0.005335 | P5: =D5-MAX(Interpolation!$J6*D5,0%) -> -0.00419 | Q5: =E5-MAX(Interpolation!$J6*E5,0%) -> 0.000545 | R5: =F5-MAX(Interpolation!$J6*F5,0%) -> 0.007785 | S5: =G5-MAX(Interpolation!$J6*G5,0%) -> -0.00209
A6: 5 | B6: 0.00209 | C6: 0.01204 | D6: -0.00346 | E6: 0.00249 | F6: 0.01694 | G6: -0.00136 | H6: =B6+MAX(Interpolation!$I7*B6,1%) -> 0.01209 | I6: =C6+MAX(Interpolation!$I7*C6,1%) -> 0.02204 | J6: =D6+MAX(Interpolation!$I7*D6,1%) -> 0.00654 | K6: =E6+MAX(Interpolation!$I7*E6,1%) -> 0.01249 | L6: =F6+MAX(Interpolation!$I7*F6,1%) -> 0.02694 | M6: =G6+MAX(Interpolation!$I7*G6,1%) -> 0.00864 | N6: =B6-MAX(Interpolation!$J7*B6,0%) -> 0.0011286 | O6: =C6-MAX(Interpolation!$J7*C6,0%) -> 0.0065016 | P6: =D6-MAX(Interpolation!$J7*D6,0%) -> -0.00346 | Q6: =E6-MAX(Interpolation!$J7*E6,0%) -> 0.0013446 | R6: =F6-MAX(Interpolation!$J7*F6,0%) -> 0.0091476 | S6: =G6-MAX(Interpolation!$J7*G6,0%) -> -0.00136
A7: 6 | B7: 0.00347 | C7: 0.01324 | D7: -0.00276 | E7: 0.00387 | F7: 0.01814 | G7: -0.00066 | H7: =B7+MAX(Interpolation!$I8*B7,1%) -> 0.01347 | I7: =C7+MAX(Interpolation!$I8*C7,1%) -> 0.02324 | J7: =D7+MAX(Interpolation!$I8*D7,1%) -> 0.00724 | K7: =E7+MAX(Interpolation!$I8*E7,1%) -> 0.01387 | L7: =F7+MAX(Interpolation!$I8*F7,1%) -> 0.02814 | M7: =G7+MAX(Interpolation!$I8*G7,1%) -> 0.00934 | N7: =B7-MAX(Interpolation!$J8*B7,0%) -> 0.0020126 | O7: =C7-MAX(Interpolation!$J8*C7,0%) -> 0.0076792 | P7: =D7-MAX(Interpolation!$J8*D7,0%) -> -0.00276 | Q7: =E7-MAX(Interpolation!$J8*E7,0%) -> 0.0022446 | R7: =F7-MAX(Interpolation!$J8*F7,0%) -> 0.0105212 | S7: =G7-MAX(Interpolation!$J8*G7,0%) -> -0.00066
A8: 7 | B8: 0.00469 | C8: 0.0143 | D8: -0.00208 | E8: 0.00509 | F8: 0.0192 | G8: 2e-05 | H8: =B8+MAX(Interpolation!$I9*B8,1%) -> 0.01469 | I8: =C8+MAX(Interpolation!$I9*C8,1%) -> 0.0243 | J8: =D8+MAX(Interpolation!$I9*D8,1%) -> 0.00792 | K8: =E8+MAX(Interpolation!$I9*E8,1%) -> 0.01509 | L8: =F8+MAX(Interpolation!$I9*F8,1%) -> 0.0292 | M8: =G8+MAX(Interpolation!$I9*G8,1%) -> 0.01002 | N8: =B8-MAX(Interpolation!$J9*B8,0%) -> 0.0028609 | O8: =C8-MAX(Interpolation!$J9*C8,0%) -> 0.008723 | P8: =D8-MAX(Interpolation!$J9*D8,0%) -> -0.00208 | Q8: =E8-MAX(Interpolation!$J9*E8,0%) -> 0.0031049 | R8: =F8-MAX(Interpolation!$J9*F8,0%) -> 0.011712 | S8: =G8-MAX(Interpolation!$J9*G8,0%) -> 1.22e-05
A9: 8 | B9: 0.00585 | C9: 0.01521 | D9: -0.00143 | E9: 0.00625 | F9: 0.02011 | G9: 0.00067 | H9: =B9+MAX(Interpolation!$I10*B9,1%) -> 0.01585 | I9: =C9+MAX(Interpolation!$I10*C9,1%) -> 0.02521 | J9: =D9+MAX(Interpolation!$I10*D9,1%) -> 0.00857 | K9: =E9+MAX(Interpolation!$I10*E9,1%) -> 0.01625 | L9: =F9+MAX(Interpolation!$I10*F9,1%) -> 0.03011 | M9: =G9+MAX(Interpolation!$I10*G9,1%) -> 0.01067 | N9: =B9-MAX(Interpolation!$J10*B9,0%) -> 0.003744 | O9: =C9-MAX(Interpolation!$J10*C9,0%) -> 0.0097344 | P9: =D9-MAX(Interpolation!$J10*D9,0%) -> -0.00143 | Q9: =E9-MAX(Interpolation!$J10*E9,0%) -> 0.004 | R9: =F9-MAX(Interpolation!$J10*F9,0%) -> 0.0128704 | S9: =G9-MAX(Interpolation!$J10*G9,0%) -> 0.0004288
A10: 9 | B10: 0.00695 | C10: 0.01599 | D10: -0.00078 | E10: 0.00735 | F10: 0.02089 | G10: 0.00132 | H10: =B10+MAX(Interpolation!$I11*B10,1%) -> 0.01695 | I10: =C10+MAX(Interpolation!$I11*C10,1%) -> 0.02599 | J10: =D10+MAX(Interpolation!$I11*D10,1%) -> 0.00922 | K10: =E10+MAX(Interpolation!$I11*E10,1%) -> 0.01735 | L10: =F10+MAX(Interpolation!$I11*F10,1%) -> 0.03089 | M10: =G10+MAX(Interpolation!$I11*G10,1%) -> 0.01132 | N10: =B10-MAX(Interpolation!$J11*B10,0%) -> 0.0046565 | O10: =C10-MAX(Interpolation!$J11*C10,0%) -> 0.0107133 | P10: =D10-MAX(Interpolation!$J11*D10,0%) -> -0.00078 | Q10: =E10-MAX(Interpolation!$J11*E10,0%) -> 0.0049245 | R10: =F10-MAX(Interpolation!$J11*F10,0%) -> 0.0139963 | S10: =G10-MAX(Interpolation!$J11*G10,0%) -> 0.0008844
A11: 10 | B11: 0.00802 | C11: 0.01663 | D11: -0.00014 | E11: 0.00842 | F11: 0.02153 | G11: 0.00196 | H11: =B11+MAX(Interpolation!$I12*B11,1%) -> 0.01802 | I11: =C11+MAX(Interpolation!$I12*C11,1%) -> 0.02663 | J11: =D11+MAX(Interpolation!$I12*D11,1%) -> 0.00986 | K11: =E11+MAX(Interpolation!$I12*E11,1%) -> 0.01842 | L11: =F11+MAX(Interpolation!$I12*F11,1%) -> 0.03153 | M11: =G11+MAX(Interpolation!$I12*G11,1%) -> 0.01196 | N11: =B11-MAX(Interpolation!$J12*B11,0%) -> 0.0055338 | O11: =C11-MAX(Interpolation!$J12*C11,0%) -> 0.0114747 | P11: =D11-MAX(Interpolation!$J12*D11,0%) -> -0.00014 | Q11: =E11-MAX(Interpolation!$J12*E11,0%) -> 0.0058098 | R11: =F11-MAX(Interpolation!$J12*F11,0%) -> 0.0148557 | S11: =G11-MAX(Interpolation!$J12*G11,0%) -> 0.0013524
A12: 11 | B12: 0.00897 | C12: 0.01715 | D12: 0.0005 | E12: 0.00937 | F12: 0.02205 | G12: 0.0026 | H12: =B12+MAX(Interpolation!$I13*B12,1%) -> 0.01897 | I12: =C12+MAX(Interpolation!$I13*C12,1%) -> 0.02715 | J12: =D12+MAX(Interpolation!$I13*D12,1%) -> 0.0105 | K12: =E12+MAX(Interpolation!$I13*E12,1%) -> 0.01937 | L12: =F12+MAX(Interpolation!$I13*F12,1%) -> 0.03205 | M12: =G12+MAX(Interpolation!$I13*G12,1%) -> 0.0126 | N12: =B12-MAX(Interpolation!$J13*B12,0%) -> 0.006279 | O12: =C12-MAX(Interpolation!$J13*C12,0%) -> 0.012005 | P12: =D12-MAX(Interpolation!$J13*D12,0%) -> 0.00035 | Q12: =E12-MAX(Interpolation!$J13*E12,0%) -> 0.006559 | R12: =F12-MAX(Interpolation!$J13*F12,0%) -> 0.015435 | S12: =G12-MAX(Interpolation!$J13*G12,0%) -> 0.00182
A13: 12 | B13: 0.00982 | C13: 0.01759 | D13: 0.00113 | E13: 0.01022 | F13: 0.02249 | G13: 0.00323 | H13: =B13+MAX(Interpolation!$I14*B13,1%) -> 0.01982 | I13: =C13+MAX(Interpolation!$I14*C13,1%) -> 0.02759 | J13: =D13+MAX(Interpolation!$I14*D13,1%) -> 0.01113 | K13: =E13+MAX(Interpolation!$I14*E13,1%) -> 0.02022 | L13: =F13+MAX(Interpolation!$I14*F13,1%) -> 0.03249 | M13: =G13+MAX(Interpolation!$I14*G13,1%) -> 0.01323 | N13: =B13-MAX(Interpolation!$J14*B13,0%) -> 0.0069722 | O13: =C13-MAX(Interpolation!$J14*C13,0%) -> 0.0124889 | P13: =D13-MAX(Interpolation!$J14*D13,0%) -> 0.0008023 | Q13: =E13-MAX(Interpolation!$J14*E13,0%) -> 0.0072562 | R13: =F13-MAX(Interpolation!$J14*F13,0%) -> 0.0159679 | S13: =G13-MAX(Interpolation!$J14*G13,0%) -> 0.0022933
... A151: 150 | B151: 0.03722 | C151: 0.03722 | D151: 0.01803 | E151: 0.03729 | F151: 0.03809 | G151: 0.01841 | H151: =B151+MAX(Interpolation!$I152*B151,1%) -> 0.04722 | I151: =C151+MAX(Interpolation!$I152*C151,1%) -> 0.04722 | J151: =D151+MAX(Interpolation!$I152*D151,1%) -> 0.02803 | K151: =E151+MAX(Interpolation!$I152*E151,1%) -> 0.04729 | L151: =F151+MAX(Interpolation!$I152*F151,1%) -> 0.04809 | M151: =G151+MAX(Interpolation!$I152*G151,1%) -> 0.02841 | N151: =B151-MAX(Interpolation!$J152*B151,0%) -> 0.029776 | O151: =C151-MAX(Interpolation!$J152*C151,0%) -> 0.029776 | P151: =D151-MAX(Interpolation!$J152*D151,0%) -> 0.014424 | Q151: =E151-MAX(Interpolation!$J152*E151,0%) -> 0.029832 | R151: =F151-MAX(Interpolation!$J152*F151,0%) -> 0.030472 | S151: =G151-MAX(Interpolation!$J152*G151,0%) -> 0.014728

Sheet Feuil2
A1: Gouv FR | B1: Country | C1: 1Y | D1: 2Y | E1: 5Y | F1: 10Y | G1: 20Y | H1: 30Y
A2: YCU | B2: France | C2: 126.56526 | D2: 161.44573 | E2: 163.87712 | F2: 149.23977 | G2: 126.02983 | H2: 126.02983
A3: YCD | B3: France | C3: -2.052493 | D3: -26.325683 | E3: -37.068874 | F3: -38.920393 | G3: -41.032524 | H3: -43.144656
A5: Corpo EU | B5: Country | C5: AAA | D5: AA | E5: A | F5: BBB | G5: BB | H5: B | I5: CCC
A6: YCU | B6: Non-financial | C6: 138.08255 | D6: 177.91228 | E6: 217.74201 | F6: 257.57175 | G6: 275.1475 | H6: 292.72325 | I6: 310.29901
B7: Financial | C7: 147.36222 | D7: 198.51815 | E7: 249.67407 | F7: 300.83 | G7: 318.40575 | H7: 335.98151 | I7: 353.55726
A8: YCD | B8: Non-financial | C8: -29.26511 | D8: -31.290719 | E8: -28.930871 | F8: -22.556212 | G8: -14.493848 | H8: -6.4314846 | I8: 1.630879
B9: Financial | C9: -27.277766 | D9: -30.344909 | E9: -33.412052 | F9: -36.479195 | G9: -28.416831 | H9: -20.354467 | I9: -12.292104
A11: Equity EU | B11: Country | C11: Stocks | D11: RE resid | E11: RE com | F11: Others
A12: YCU | B12: EU | C12: -0.39 | D12: -0.2 | E12: -0.31 | F12: -0.4
A13: YCD | B13: EU | C13: -0.16 | D13: 0 | E13: 0 | F13: -0.13

Sheet Interpolation
A1: SCR shocks | H1: Interpolation
B2: UP | C2: DOWN | D2: ecart | E2: UP decal | F2: DOWN decal | H2: 0 | I2: UP | J2: DOWN
A3: 1 | B3: 0.7 | C3: 0.75 | D3: =A4-A3 -> 1 | E3: =B4 -> 0.7 | F3: =C4 -> 0.65 | H3: 1 | I3: =IFERROR(IF($H3>=$A$23,B$23,VLOOKUP($H3,$A$3:$F$23,2,FALSE)),(VLOOKUP($H3,$A$3:$F$23,5,TRUE)-VLOOKUP($H3,$A$3:$F$23,2,TRUE))/VLOOKUP($H3,$A$3:$F$23,4,TRUE)+I2) -> 0.7 | J3: =IFERROR(IF($H3>=$A$23,C$23,VLOOKUP($H3,$A$3:$F$23,3,FALSE)),(VLOOKUP($H3,$A$3:$F$23,6,TRUE)-VLOOKUP($H3,$A$3:$F$23,3,TRUE))/VLOOKUP($H3,$A$3:$F$23,4,TRUE)+J2) -> 0.75
A4: 2 | B4: 0.7 | C4: 0.65 | D4: =A5-A4 -> 1 | E4: =B5 -> 0.64 | F4: =C5 -> 0.56 | H4: 2 | I4: =IFERROR(IF($H4>=$A$23,B$23,VLOOKUP($H4,$A$3:$F$23,2,FALSE)),(VLOOKUP($H4,$A$3:$F$23,5,TRUE)-VLOOKUP($H4,$A$3:$F$23,2,TRUE))/VLOOKUP($H4,$A$3:$F$23,4,TRUE)+I3) -> 0.7 | J4: =IFERROR(IF($H4>=$A$23,C$23,VLOOKUP($H4,$A$3:$F$23,3,FALSE)),(VLOOKUP($H4,$A$3:$F$23,6,TRUE)-VLOOKUP($H4,$A$3:$F$23,3,TRUE))/VLOOKUP($H4,$A$3:$F$23,4,TRUE)+J3) -> 0.65
A5: 3 | B5: 0.64 | C5: 0.56 | D5: =A6-A5 -> 1 | E5: =B6 -> 0.59 | F5: =C6 -> 0.5 | H5: 3 | I5: =IFERROR(IF($H5>=$A$23,B$23,VLOOKUP($H5,$A$3:$F$23,2,FALSE)),(VLOOKUP($H5,$A$3:$F$23,5,TRUE)-VLOOKUP($H5,$A$3:$F$23,2,TRUE))/VLOOKUP($H5,$A$3:$F$23,4,TRUE)+I4) -> 0.64 | J5: =IFERROR(IF($H5>=$A$23,C$23,VLOOKUP($H5,$A$3:$F$23,3,FALSE)),(VLOOKUP($H5,$A$3:$F$23,6,TRUE)-VLOOKUP($H5,$A$3:$F$23,3,TRUE))/VLOOKUP($H5,$A$3:$F$23,4,TRUE)+J4) -> 0.56
A6: 4 | B6: 0.59 | C6: 0.5 | D6: =A7-A6 -> 1 | E6: =B7 -> 0.55 | F6: =C7 -> 0.46 | H6: 4 | I6: =IFERROR(IF($H6>=$A$23,B$23,VLOOKUP($H6,$A$3:$F$23,2,FALSE)),(VLOOKUP($H6,$A$3:$F$23,5,TRUE)-VLOOKUP($H6,$A$3:$F$23,2,TRUE))/VLOOKUP($H6,$A$3:$F$23,4,TRUE)+I5) -> 0.59 | J6: =IFERROR(IF($H6>=$A$23,C$23,VLOOKUP($H6,$A$3:$F$23,3,FALSE)),(VLOOKUP($H6,$A$3:$F$23,6,TRUE)-VLOOKUP($H6,$A$3:$F$23,3,TRUE))/VLOOKUP($H6,$A$3:$F$23,4,TRUE)+J5) -> 0.5
A7: 5 | B7: 0.55 | C7: 0.46 | D7: =A8-A7 -> 1 | E7: =B8 -> 0.52 | F7: =C8 -> 0.42 | H7: 5 | I7: =IFERROR(IF($H7>=$A$23,B$23,VLOOKUP($H7,$A$3:$F$23,2,FALSE)),(VLOOKUP($H7,$A$3:$F$23,5,TRUE)-VLOOKUP($H7,$A$3:$F$23,2,TRUE))/VLOOKUP($H7,$A$3:$F$23,4,TRUE)+I6) -> 0.55 | J7: =IFERROR(IF($H7>=$A$23,C$23,VLOOKUP($H7,$A$3:$F$23,3,FALSE)),(VLOOKUP($H7,$A$3:$F$23,6,TRUE)-VLOOKUP($H7,$A$3:$F$23,3,TRUE))/VLOOKUP($H7,$A$3:$F$23,4,TRUE)+J6) -> 0.46
A8: 6 | B8: 0.52 | C8: 0.42 | D8: =A9-A8 -> 1 | E8: =B9 -> 0.49 | F8: =C9 -> 0.39 | H8: 6 | I8: =IFERROR(IF($H8>=$A$23,B$23,VLOOKUP($H8,$A$3:$F$23,2,FALSE)),(VLOOKUP($H8,$A$3:$F$23,5,TRUE)-VLOOKUP($H8,$A$3:$F$23,2,TRUE))/VLOOKUP($H8,$A$3:$F$23,4,TRUE)+I7) -> 0.52 | J8: =IFERROR(IF($H8>=$A$23,C$23,VLOOKUP($H8,$A$3:$F$23,3,FALSE)),(VLOOKUP($H8,$A$3:$F$23,6,TRUE)-VLOOKUP($H8,$A$3:$F$23,3,TRUE))/VLOOKUP($H8,$A$3:$F$23,4,TRUE)+J7) -> 0.42
A9: 7 | B9: 0.49 | C9: 0.39 | D9: =A10-A9 -> 1 | E9: =B10 -> 0.47 | F9: =C10 -> 0.36 | H9: 7 | I9: =IFERROR(IF($H9>=$A$23,B$23,VLOOKUP($H9,$A$3:$F$23,2,FALSE)),(VLOOKUP($H9,$A$3:$F$23,5,TRUE)-VLOOKUP($H9,$A$3:$F$23,2,TRUE))/VLOOKUP($H9,$A$3:$F$23,4,TRUE)+I8) -> 0.49 | J9: =IFERROR(IF($H9>=$A$23,C$23,VLOOKUP($H9,$A$3:$F$23,3,FALSE)),(VLOOKUP($H9,$A$3:$F$23,6,TRUE)-VLOOKUP($H9,$A$3:$F$23,3,TRUE))/VLOOKUP($H9,$A$3:$F$23,4,TRUE)+J8) -> 0.39
A10: 8 | B10: 0.47 | C10: 0.36 | D10: =A11-A10 -> 1 | E10: =B11 -> 0.44 | F10: =C11 -> 0.33 | H10: 8 | I10: =IFERROR(IF($H10>=$A$23,B$23,VLOOKUP($H10,$A$3:$F$23,2,FALSE)),(VLOOKUP($H10,$A$3:$F$23,5,TRUE)-VLOOKUP($H10,$A$3:$F$23,2,TRUE))/VLOOKUP($H10,$A$3:$F$23,4,TRUE)+I9) -> 0.47 | J10: =IFERROR(IF($H10>=$A$23,C$23,VLOOKUP($H10,$A$3:$F$23,3,FALSE)),(VLOOKUP($H10,$A$3:$F$23,6,TRUE)-VLOOKUP($H10,$A$3:$F$23,3,TRUE))/VLOOKUP($H10,$A$3:$F$23,4,TRUE)+J9) -> 0.36
A11: 9 | B11: 0.44 | C11: 0.33 | D11: =A12-A11 -> 1 | E11: =B12 -> 0.42 | F11: =C12 -> 0.31 | H11: 9 | I11: =IFERROR(IF($H11>=$A$23,B$23,VLOOKUP($H11,$A$3:$F$23,2,FALSE)),(VLOOKUP($H11,$A$3:$F$23,5,TRUE)-VLOOKUP($H11,$A$3:$F$23,2,TRUE))/VLOOKUP($H11,$A$3:$F$23,4,TRUE)+I10) -> 0.44 | J11: =IFERROR(IF($H11>=$A$23,C$23,VLOOKUP($H11,$A$3:$F$23,3,FALSE)),(VLOOKUP($H11,$A$3:$F$23,6,TRUE)-VLOOKUP($H11,$A$3:$F$23,3,TRUE))/VLOOKUP($H11,$A$3:$F$23,4,TRUE)+J10) -> 0.33
A12: 10 | B12: 0.42 | C12: 0.31 | D12: =A13-A12 -> 1 | E12: =B13 -> 0.39 | F12: =C13 -> 0.3 | H12: 10 | I12: =IFERROR(IF($H12>=$A$23,B$23,VLOOKUP($H12,$A$3:$F$23,2,FALSE)),(VLOOKUP($H12,$A$3:$F$23,5,TRUE)-VLOOKUP($H12,$A$3:$F$23,2,TRUE))/VLOOKUP($H12,$A$3:$F$23,4,TRUE)+I11) -> 0.42 | J12: =IFERROR(IF($H12>=$A$23,C$23,VLOOKUP($H12,$A$3:$F$23,3,FALSE)),(VLOOKUP($H12,$A$3:$F$23,6,TRUE)-VLOOKUP($H12,$A$3:$F$23,3,TRUE))/VLOOKUP($H12,$A$3:$F$23,4,TRUE)+J11) -> 0.31
A13: 11 | B13: 0.39 | C13: 0.3 | D13: =A14-A13 -> 1 | E13: =B14 -> 0.37 | F13: =C14 -> 0.29 | H13: 11 | I13: =IFERROR(IF($H13>=$A$23,B$23,VLOOKUP($H13,$A$3:$F$23,2,FALSE)),(VLOOKUP($H13,$A$3:$F$23,5,TRUE)-VLOOKUP($H13,$A$3:$F$23,2,TRUE))/VLOOKUP($H13,$A$3:$F$23,4,TRUE)+I12) -> 0.39 | J13: =IFERROR(IF($H13>=$A$23,C$23,VLOOKUP($H13,$A$3:$F$23,3,FALSE)),(VLOOKUP($H13,$A$3:$F$23,6,TRUE)-VLOOKUP($H13,$A$3:$F$23,3,TRUE))/VLOOKUP($H13,$A$3:$F$23,4,TRUE)+J12) -> 0.3
A14: 12 | B14: 0.37 | C14: 0.29 | D14: =A15-A14 -> 1 | E14: =B15 -> 0.35 | F14: =C15 -> 0.28 | H14: 12 | I14: =IFERROR(IF($H14>=$A$23,B$23,VLOOKUP($H14,$A$3:$F$23,2,FALSE)),(VLOOKUP($H14,$A$3:$F$23,5,TRUE)-VLOOKUP($H14,$A$3:$F$23,2,TRUE))/VLOOKUP($H14,$A$3:$F$23,4,TRUE)+I13) -> 0.37 | J14: =IFERROR(IF($H14>=$A$23,C$23,VLOOKUP($H14,$A$3:$F$23,3,FALSE)),(VLOOKUP($H14,$A$3:$F$23,6,TRUE)-VLOOKUP($H14,$A$3:$F$23,3,TRUE))/VLOOKUP($H14,$A$3:$F$23,4,TRUE)+J13) -> 0.29
... A22: 20 | B22: 0.26 | C22: 0.29 | D22: =A23-A22 -> 70 | E22: =B23 -> 0.2 | F22: =C23 -> 0.2 | H22: 20 | I22: =IFERROR(IF($H22>=$A$23,B$23,VLOOKUP($H22,$A$3:$F$23,2,FALSE)),(VLOOKUP($H22,$A$3:$F$23,5,TRUE)-VLOOKUP($H22,$A$3:$F$23,2,TRUE))/VLOOKUP($H22,$A$3:$F$23,4,TRUE)+I21) -> 0.26 | J22: =IFERROR(IF($H22>=$A$23,C$23,VLOOKUP($H22,$A$3:$F$23,3,FALSE)),(VLOOKUP($H22,$A$3:$F$23,6,TRUE)-VLOOKUP($H22,$A$3:$F$23,3,TRUE))/VLOOKUP($H22,$A$3:$F$23,4,TRUE)+J21) -> 0.29
A23: 90 | B23: 0.2 | C23: 0.2 | D23: =A24-A23 -> -90 | H23: 21 | I23: =IFERROR(IF($H23>=$A$23,B$23,VLOOKUP($H23,$A$3:$F$23,2,FALSE)),(VLOOKUP($H23,$A$3:$F$23,5,TRUE)-VLOOKUP($H23,$A$3:$F$23,2,TRUE))/VLOOKUP($H23,$A$3:$F$23,4,TRUE)+I22) -> 0.25914286 | J23: =IFERROR(IF($H23>=$A$23,C$23,VLOOKUP($H23,$A$3:$F$23,3,FALSE)),(VLOOKUP($H23,$A$3:$F$23,6,TRUE)-VLOOKUP($H23,$A$3:$F$23,3,TRUE))/VLOOKUP($H23,$A$3:$F$23,4,TRUE)+J22) -> 0.28871429
H24: 22 | I24: =IFERROR(IF($H24>=$A$23,B$23,VLOOKUP($H24,$A$3:$F$23,2,FALSE)),(VLOOKUP($H24,$A$3:$F$23,5,TRUE)-VLOOKUP($H24,$A$3:$F$23,2,TRUE))/VLOOKUP($H24,$A$3:$F$23,4,TRUE)+I23) -> 0.25828571 | J24: =IFERROR(IF($H24>=$A$23,C$23,VLOOKUP($H24,$A$3:$F$23,3,FALSE)),(VLOOKUP($H24,$A$3:$F$23,6,TRUE)-VLOOKUP($H24,$A$3:$F$23,3,TRUE))/VLOOKUP($H24,$A$3:$F$23,4,TRUE)+J23) -> 0.28742857
H25: 23 | I25: =IFERROR(IF($H25>=$A$23,B$23,VLOOKUP($H25,$A$3:$F$23,2,FALSE)),(VLOOKUP($H25,$A$3:$F$23,5,TRUE)-VLOOKUP($H25,$A$3:$F$23,2,TRUE))/VLOOKUP($H25,$A$3:$F$23,4,TRUE)+I24) -> 0.25742857 | J25: =IFERROR(IF($H25>=$A$23,C$23,VLOOKUP($H25,$A$3:$F$23,3,FALSE)),(VLOOKUP($H25,$A$3:$F$23,6,TRUE)-VLOOKUP($H25,$A$3:$F$23,3,TRUE))/VLOOKUP($H25,$A$3:$F$23,4,TRUE)+J24) -> 0.28614286
H26: 24 | I26: =IFERROR(IF($H26>=$A$23,B$23,VLOOKUP($H26,$A$3:$F$23,2,FALSE)),(VLOOKUP($H26,$A$3:$F$23,5,TRUE)-VLOOKUP($H26,$A$3:$F$23,2,TRUE))/VLOOKUP($H26,$A$3:$F$23,4,TRUE)+I25) -> 0.25657143 | J26: =IFERROR(IF($H26>=$A$23,C$23,VLOOKUP($H26,$A$3:$F$23,3,FALSE)),(VLOOKUP($H26,$A$3:$F$23,6,TRUE)-VLOOKUP($H26,$A$3:$F$23,3,TRUE))/VLOOKUP($H26,$A$3:$F$23,4,TRUE)+J25) -> 0.28485714
H27: 25 | I27: =IFERROR(IF($H27>=$A$23,B$23,VLOOKUP($H27,$A$3:$F$23,2,FALSE)),(VLOOKUP($H27,$A$3:$F$23,5,TRUE)-VLOOKUP($H27,$A$3:$F$23,2,TRUE))/VLOOKUP($H27,$A$3:$F$23,4,TRUE)+I26) -> 0.25571429 | J27: =IFERROR(IF($H27>=$A$23,C$23,VLOOKUP($H27,$A$3:$F$23,3,FALSE)),(VLOOKUP($H27,$A$3:$F$23,6,TRUE)-VLOOKUP($H27,$A$3:$F$23,3,TRUE))/VLOOKUP($H27,$A$3:$F$23,4,TRUE)+J26) -> 0.28357143
H28: 26 | I28: =IFERROR(IF($H28>=$A$23,B$23,VLOOKUP($H28,$A$3:$F$23,2,FALSE)),(VLOOKUP($H28,$A$3:$F$23,5,TRUE)-VLOOKUP($H28,$A$3:$F$23,2,TRUE))/VLOOKUP($H28,$A$3:$F$23,4,TRUE)+I27) -> 0.25485714 | J28: =IFERROR(IF($H28>=$A$23,C$23,VLOOKUP($H28,$A$3:$F$23,3,FALSE)),(VLOOKUP($H28,$A$3:$F$23,6,TRUE)-VLOOKUP($H28,$A$3:$F$23,3,TRUE))/VLOOKUP($H28,$A$3:$F$23,4,TRUE)+J27) -> 0.28228571
H29: 27 | I29: =IFERROR(IF($H29>=$A$23,B$23,VLOOKUP($H29,$A$3:$F$23,2,FALSE)),(VLOOKUP($H29,$A$3:$F$23,5,TRUE)-VLOOKUP($H29,$A$3:$F$23,2,TRUE))/VLOOKUP($H29,$A$3:$F$23,4,TRUE)+I28) -> 0.254 | J29: =IFERROR(IF($H29>=$A$23,C$23,VLOOKUP($H29,$A$3:$F$23,3,FALSE)),(VLOOKUP($H29,$A$3:$F$23,6,TRUE)-VLOOKUP($H29,$A$3:$F$23,3,TRUE))/VLOOKUP($H29,$A$3:$F$23,4,TRUE)+J28) -> 0.281
H30: 28 | I30: =IFERROR(IF($H30>=$A$23,B$23,VLOOKUP($H30,$A$3:$F$23,2,FALSE)),(VLOOKUP($H30,$A$3:$F$23,5,TRUE)-VLOOKUP($H30,$A$3:$F$23,2,TRUE))/VLOOKUP($H30,$A$3:$F$23,4,TRUE)+I29) -> 0.25314286 | J30: =IFERROR(IF($H30>=$A$23,C$23,VLOOKUP($H30,$A$3:$F$23,3,FALSE)),(VLOOKUP($H30,$A$3:$F$23,6,TRUE)-VLOOKUP($H30,$A$3:$F$23,3,TRUE))/VLOOKUP($H30,$A$3:$F$23,4,TRUE)+J29) -> 0.27971429
H31: 29 | I31: =IFERROR(IF($H31>=$A$23,B$23,VLOOKUP($H31,$A$3:$F$23,2,FALSE)),(VLOOKUP($H31,$A$3:$F$23,5,TRUE)-VLOOKUP($H31,$A$3:$F$23,2,TRUE))/VLOOKUP($H31,$A$3:$F$23,4,TRUE)+I30) -> 0.25228571 | J31: =IFERROR(IF($H31>=$A$23,C$23,VLOOKUP($H31,$A$3:$F$23,3,FALSE)),(VLOOKUP($H31,$A$3:$F$23,6,TRUE)-VLOOKUP($H31,$A$3:$F$23,3,TRUE))/VLOOKUP($H31,$A$3:$F$23,4,TRUE)+J30) -> 0.27842857
H32: 30 | I32: =IFERROR(IF($H32>=$A$23,B$23,VLOOKUP($H32,$A$3:$F$23,2,FALSE)),(VLOOKUP($H32,$A$3:$F$23,5,TRUE)-VLOOKUP($H32,$A$3:$F$23,2,TRUE))/VLOOKUP($H32,$A$3:$F$23,4,TRUE)+I31) -> 0.25142857 | J32: =IFERROR(IF($H32>=$A$23,C$23,VLOOKUP($H32,$A$3:$F$23,3,FALSE)),(VLOOKUP($H32,$A$3:$F$23,6,TRUE)-VLOOKUP($H32,$A$3:$F$23,3,TRUE))/VLOOKUP($H32,$A$3:$F$23,4,TRUE)+J31) -> 0.27714286
H33: 31 | I33: =IFERROR(IF($H33>=$A$23,B$23,VLOOKUP($H33,$A$3:$F$23,2,FALSE)),(VLOOKUP($H33,$A$3:$F$23,5,TRUE)-VLOOKUP($H33,$A$3:$F$23,2,TRUE))/VLOOKUP($H33,$A$3:$F$23,4,TRUE)+I32) -> 0.25057143 | J33: =IFERROR(IF($H33>=$A$23,C$23,VLOOKUP($H33,$A$3:$F$23,3,FALSE)),(VLOOKUP($H33,$A$3:$F$23,6,TRUE)-VLOOKUP($H33,$A$3:$F$23,3,TRUE))/VLOOKUP($H33,$A$3:$F$23,4,TRUE)+J32) -> 0.27585714
H34: 32 | I34: =IFERROR(IF($H34>=$A$23,B$23,VLOOKUP($H34,$A$3:$F$23,2,FALSE)),(VLOOKUP($H34,$A$3:$F$23,5,TRUE)-VLOOKUP($H34,$A$3:$F$23,2,TRUE))/VLOOKUP($H34,$A$3:$F$23,4,TRUE)+I33) -> 0.24971429 | J34: =IFERROR(IF($H34>=$A$23,C$23,VLOOKUP($H34,$A$3:$F$23,3,FALSE)),(VLOOKUP($H34,$A$3:$F$23,6,TRUE)-VLOOKUP($H34,$A$3:$F$23,3,TRUE))/VLOOKUP($H34,$A$3:$F$23,4,TRUE)+J33) -> 0.27457143
H35: 33 | I35: =IFERROR(IF($H35>=$A$23,B$23,VLOOKUP($H35,$A$3:$F$23,2,FALSE)),(VLOOKUP($H35,$A$3:$F$23,5,TRUE)-VLOOKUP($H35,$A$3:$F$23,2,TRUE))/VLOOKUP($H35,$A$3:$F$23,4,TRUE)+I34) -> 0.24885714 | J35: =IFERROR(IF($H35>=$A$23,C$23,VLOOKUP($H35,$A$3:$F$23,3,FALSE)),(VLOOKUP($H35,$A$3:$F$23,6,TRUE)-VLOOKUP($H35,$A$3:$F$23,3,TRUE))/VLOOKUP($H35,$A$3:$F$23,4,TRUE)+J34) -> 0.27328571
... H152: 150 | I152: =IFERROR(IF($H152>=$A$23,B$23,VLOOKUP($H152,$A$3:$F$23,2,FALSE)),(VLOOKUP($H152,$A$3:$F$23,5,TRUE)-VLOOKUP($H152,$A$3:$F$23,2,TRUE))/VLOOKUP($H152,$A$3:$F$23,4,TRUE)+I151) -> 0.2 | J152: =IFERROR(IF($H152>=$A$23,C$23,VLOOKUP($H152,$A$3:$F$23,3,FALSE)),(VLOOKUP($H152,$A$3:$F$23,6,TRUE)-VLOOKUP($H152,$A$3:$F$23,3,TRUE))/VLOOKUP($H152,$A$3:$F$23,4,TRUE)+J151) -> 0.2
